rep,est_E,se_E,IRR_E,IRR_E_CI_Lower,IRR_E_CI_Upper,est_C,IRR_C,IRR_C_CI_Lower,IRR_C_CI_Upper,n_event
1,-0.0102784260645542,0.252509880676619,0.989774216441546,0.603391705917278,1.62357717205146,,,,,1021
2,0.00127630609218759,0.252539552911203,1.00127712091743,0.610368673077624,1.642541495155,,,,,1020
3,0.331980688758885,0.22129495120433,1.39372593367509,0.903255838077905,2.15052247249461,,,,,968
