rep,est_E,se_E,IRR_E,IRR_E_CI_Lower,IRR_E_CI_Upper,est_C,IRR_C,IRR_C_CI_Lower,IRR_C_CI_Upper,n_event,seed
1,0.2255706131197,0.215903662309725,1.25303751188033,0.820703984679546,1.91311731816717,,,,,1172,1000300
2,-0.280073613652186,0.279478509650201,0.755728107501989,0.436991547132648,1.30694741400838,,,,,1116,2000300
