rep,est_E,se_E,IRR_E,IRR_E_CI_Lower,IRR_E_CI_Upper,est_C,IRR_C,IRR_C_CI_Lower,IRR_C_CI_Upper,n_event,seed
1,0.199962331325139,0.220916650850243,1.22135675040333,0.792132702195104,1.88315961154242,,,,,1099,1000400
2,-0.119019513139828,0.260524998617746,0.887790477013214,0.532784033423641,1.47934600444124,,,,,1063,2000400
