rep,est_E,se_E,IRR_E,IRR_E_CI_Lower,IRR_E_CI_Upper,est_C,IRR_C,IRR_C_CI_Lower,IRR_C_CI_Upper,n_event,seed
1,0.0676562418493325,0.238259524125433,1.0699974249149,0.670773439946882,1.7068274042204,,,,,1126,1000300
2,-0.241247202713789,0.279562380402199,0.785647388214785,0.454217373289812,1.35891283536371,,,,,1083,2000300
