rep,est_E,se_E,IRR_E,IRR_E_CI_Lower,IRR_E_CI_Upper,est_C,IRR_C,IRR_C_CI_Lower,IRR_C_CI_Upper,n_event,seed
1,0.12817199296217,0.232058495885842,1.13674849862614,0.7213330638456,1.79140152295219,,,,,1069,1000400
2,-0.145698437115809,0.269605335096793,0.864418340371287,0.509607129750756,1.46626493929884,,,,,1039,2000400
