rep,est_E,se_E,IRR_E,IRR_E_CI_Lower,IRR_E_CI_Upper,est_C,IRR_C,IRR_C_CI_Lower,IRR_C_CI_Upper,n_event
1,0.00255424318123511,0.252542781697742,1.00255750803951,0.611145316932537,1.64465230948883,,,,,1030
2,0.32388718356498,0.221270355604137,1.38249133057792,0.89601802926196,2.13308462185456,,,,,979
3,0.0427367438557151,0.252647325929465,1.0436631079568,0.636072380845646,1.71243511856611,,,,,1018
